SNR_dB,Mod_Code,Ch_Code,BER,Modulation,Channel
0,1,1,0.07823,BPSK,AWGN
0,1,1,0.07787,BPSK,AWGN
0,1,1,0.08089,BPSK,AWGN
0,1,1,0.07973,BPSK,AWGN
0,1,1,0.08134,BPSK,AWGN
0.5,1,1,0.06787,BPSK,AWGN
0.5,1,1,0.06495,BPSK,AWGN
0.5,1,1,0.06774,BPSK,AWGN
0.5,1,1,0.0665,BPSK,AWGN
0.5,1,1,0.06788,BPSK,AWGN
1,1,1,0.05685,BPSK,AWGN
1,1,1,0.05615,BPSK,AWGN
1,1,1,0.05641,BPSK,AWGN
1,1,1,0.05732,BPSK,AWGN
1,1,1,0.05621,BPSK,AWGN
1.5,1,1,0.04734,BPSK,AWGN
1.5,1,1,0.04628,BPSK,AWGN
1.5,1,1,0.0472,BPSK,AWGN
1.5,1,1,0.04673,BPSK,AWGN
1.5,1,1,0.04634,BPSK,AWGN
2,1,1,0.03665,BPSK,AWGN
2,1,1,0.03777,BPSK,AWGN
2,1,1,0.03772,BPSK,AWGN
2,1,1,0.03863,BPSK,AWGN
2,1,1,0.03679,BPSK,AWGN
2.5,1,1,0.02991,BPSK,AWGN
2.5,1,1,0.02973,BPSK,AWGN
2.5,1,1,0.03119,BPSK,AWGN
2.5,1,1,0.02968,BPSK,AWGN
2.5,1,1,0.0305,BPSK,AWGN
3,1,1,0.02331,BPSK,AWGN
3,1,1,0.02334,BPSK,AWGN
3,1,1,0.02225,BPSK,AWGN
3,1,1,0.02346,BPSK,AWGN
3,1,1,0.02209,BPSK,AWGN
3.5,1,1,0.01745,BPSK,AWGN
3.5,1,1,0.01701,BPSK,AWGN
3.5,1,1,0.01763,BPSK,AWGN
3.5,1,1,0.01735,BPSK,AWGN
3.5,1,1,0.01709,BPSK,AWGN
4,1,1,0.01322,BPSK,AWGN
4,1,1,0.01223,BPSK,AWGN
4,1,1,0.0122,BPSK,AWGN
4,1,1,0.01173,BPSK,AWGN
4,1,1,0.01249,BPSK,AWGN
4.5,1,1,0.00896,BPSK,AWGN
4.5,1,1,0.0085,BPSK,AWGN
4.5,1,1,0.00841,BPSK,AWGN
4.5,1,1,0.00883,BPSK,AWGN
4.5,1,1,0.00933,BPSK,AWGN
5,1,1,0.00581,BPSK,AWGN
5,1,1,0.0058,BPSK,AWGN
5,1,1,0.00597,BPSK,AWGN
5,1,1,0.00615,BPSK,AWGN
5,1,1,0.00578,BPSK,AWGN
5.5,1,1,0.00415,BPSK,AWGN
5.5,1,1,0.00404,BPSK,AWGN
5.5,1,1,0.00389,BPSK,AWGN
5.5,1,1,0.00405,BPSK,AWGN
5.5,1,1,0.00397,BPSK,AWGN
6,1,1,0.00227,BPSK,AWGN
6,1,1,0.00244,BPSK,AWGN
6,1,1,0.00224,BPSK,AWGN
6,1,1,0.00247,BPSK,AWGN
6,1,1,0.00225,BPSK,AWGN
6.5,1,1,0.00129,BPSK,AWGN
6.5,1,1,0.00141,BPSK,AWGN
6.5,1,1,0.00133,BPSK,AWGN
6.5,1,1,0.00145,BPSK,AWGN
6.5,1,1,0.00135,BPSK,AWGN
7,1,1,0.00083,BPSK,AWGN
7,1,1,0.000798,BPSK,AWGN
7,1,1,0.000812,BPSK,AWGN
7,1,1,0.000754,BPSK,AWGN
7,1,1,0.0008,BPSK,AWGN
7.5,1,1,0.000404,BPSK,AWGN
7.5,1,1,0.00043,BPSK,AWGN
7.5,1,1,0.000428,BPSK,AWGN
7.5,1,1,0.000356,BPSK,AWGN
7.5,1,1,0.000394,BPSK,AWGN
8,1,1,0.00023,BPSK,AWGN
8,1,1,0.000184,BPSK,AWGN
8,1,1,0.000193,BPSK,AWGN
8,1,1,0.000191,BPSK,AWGN
8,1,1,0.000206,BPSK,AWGN
8.5,1,1,8.4e-05,BPSK,AWGN
8.5,1,1,7.6e-05,BPSK,AWGN
8.5,1,1,9.06666666666667e-05,BPSK,AWGN
8.5,1,1,0.000102,BPSK,AWGN
8.5,1,1,9.2e-05,BPSK,AWGN
9,1,1,3.5e-05,BPSK,AWGN
9,1,1,4.3e-05,BPSK,AWGN
9,1,1,3.3e-05,BPSK,AWGN
9,1,1,3.15e-05,BPSK,AWGN
9,1,1,3.45e-05,BPSK,AWGN
9.5,1,1,1.25e-05,BPSK,AWGN
9.5,1,1,1.05e-05,BPSK,AWGN
9.5,1,1,9e-06,BPSK,AWGN
9.5,1,1,1.5e-05,BPSK,AWGN
9.5,1,1,1e-05,BPSK,AWGN
10,1,1,3e-06,BPSK,AWGN
10,1,1,4.8e-06,BPSK,AWGN
10,1,1,3e-06,BPSK,AWGN
10,1,1,4e-06,BPSK,AWGN
10,1,1,3.2e-06,BPSK,AWGN
10.5,1,1,2.6e-06,BPSK,AWGN
10.5,1,1,1.4e-06,BPSK,AWGN
10.5,1,1,1e-06,BPSK,AWGN
10.5,1,1,1.4e-06,BPSK,AWGN
10.5,1,1,1.6e-06,BPSK,AWGN
11,1,1,1e-12,BPSK,AWGN
11,1,1,4e-07,BPSK,AWGN
11,1,1,1e-12,BPSK,AWGN
11,1,1,4e-07,BPSK,AWGN
11,1,1,6e-07,BPSK,AWGN
11.5,1,1,5.32866403631072e-08,BPSK,AWGN
11.5,1,1,5.32866403631072e-08,BPSK,AWGN
11.5,1,1,5.32866403631072e-08,BPSK,AWGN
11.5,1,1,5.32866403631072e-08,BPSK,AWGN
11.5,1,1,5.32866403631072e-08,BPSK,AWGN
12,1,1,9.00601035062875e-09,BPSK,AWGN
12,1,1,9.00601035062875e-09,BPSK,AWGN
12,1,1,9.00601035062875e-09,BPSK,AWGN
12,1,1,9.00601035062875e-09,BPSK,AWGN
12,1,1,9.00601035062875e-09,BPSK,AWGN
12.5,1,1,1.23302844661081e-09,BPSK,AWGN
12.5,1,1,1.23302844661081e-09,BPSK,AWGN
12.5,1,1,1.23302844661081e-09,BPSK,AWGN
12.5,1,1,1.23302844661081e-09,BPSK,AWGN
12.5,1,1,1.23302844661081e-09,BPSK,AWGN
13,1,1,1.33293101753005e-10,BPSK,AWGN
13,1,1,1.33293101753005e-10,BPSK,AWGN
13,1,1,1.33293101753005e-10,BPSK,AWGN
13,1,1,1.33293101753005e-10,BPSK,AWGN
13,1,1,1.33293101753005e-10,BPSK,AWGN
13.5,1,1,1.10545978569828e-11,BPSK,AWGN
13.5,1,1,1.10545978569828e-11,BPSK,AWGN
13.5,1,1,1.10545978569828e-11,BPSK,AWGN
13.5,1,1,1.10545978569828e-11,BPSK,AWGN
13.5,1,1,1.10545978569828e-11,BPSK,AWGN
14,1,1,1e-12,BPSK,AWGN
14,1,1,1e-12,BPSK,AWGN
14,1,1,1e-12,BPSK,AWGN
14,1,1,1e-12,BPSK,AWGN
14,1,1,1e-12,BPSK,AWGN
14.5,1,1,1e-12,BPSK,AWGN
14.5,1,1,1e-12,BPSK,AWGN
14.5,1,1,1e-12,BPSK,AWGN
14.5,1,1,1e-12,BPSK,AWGN
14.5,1,1,1e-12,BPSK,AWGN
15,1,1,1e-12,BPSK,AWGN
15,1,1,1e-12,BPSK,AWGN
15,1,1,1e-12,BPSK,AWGN
15,1,1,1e-12,BPSK,AWGN
15,1,1,1e-12,BPSK,AWGN
15.5,1,1,1e-12,BPSK,AWGN
15.5,1,1,1e-12,BPSK,AWGN
15.5,1,1,1e-12,BPSK,AWGN
15.5,1,1,1e-12,BPSK,AWGN
15.5,1,1,1e-12,BPSK,AWGN
16,1,1,1e-12,BPSK,AWGN
16,1,1,1e-12,BPSK,AWGN
16,1,1,1e-12,BPSK,AWGN
16,1,1,1e-12,BPSK,AWGN
16,1,1,1e-12,BPSK,AWGN
16.5,1,1,1e-12,BPSK,AWGN
16.5,1,1,1e-12,BPSK,AWGN
16.5,1,1,1e-12,BPSK,AWGN
16.5,1,1,1e-12,BPSK,AWGN
16.5,1,1,1e-12,BPSK,AWGN
17,1,1,1e-12,BPSK,AWGN
17,1,1,1e-12,BPSK,AWGN
17,1,1,1e-12,BPSK,AWGN
17,1,1,1e-12,BPSK,AWGN
17,1,1,1e-12,BPSK,AWGN
17.5,1,1,1e-12,BPSK,AWGN
17.5,1,1,1e-12,BPSK,AWGN
17.5,1,1,1e-12,BPSK,AWGN
17.5,1,1,1e-12,BPSK,AWGN
17.5,1,1,1e-12,BPSK,AWGN
18,1,1,1e-12,BPSK,AWGN
18,1,1,1e-12,BPSK,AWGN
18,1,1,1e-12,BPSK,AWGN
18,1,1,1e-12,BPSK,AWGN
18,1,1,1e-12,BPSK,AWGN
18.5,1,1,1e-12,BPSK,AWGN
18.5,1,1,1e-12,BPSK,AWGN
18.5,1,1,1e-12,BPSK,AWGN
18.5,1,1,1e-12,BPSK,AWGN
18.5,1,1,1e-12,BPSK,AWGN
19,1,1,1e-12,BPSK,AWGN
19,1,1,1e-12,BPSK,AWGN
19,1,1,1e-12,BPSK,AWGN
19,1,1,1e-12,BPSK,AWGN
19,1,1,1e-12,BPSK,AWGN
19.5,1,1,1e-12,BPSK,AWGN
19.5,1,1,1e-12,BPSK,AWGN
19.5,1,1,1e-12,BPSK,AWGN
19.5,1,1,1e-12,BPSK,AWGN
19.5,1,1,1e-12,BPSK,AWGN
20,1,1,1e-12,BPSK,AWGN
20,1,1,1e-12,BPSK,AWGN
20,1,1,1e-12,BPSK,AWGN
20,1,1,1e-12,BPSK,AWGN
20,1,1,1e-12,BPSK,AWGN
0,1,2,0.14645,BPSK,Rayleigh
0,1,2,0.14597,BPSK,Rayleigh
0,1,2,0.14672,BPSK,Rayleigh
0,1,2,0.14916,BPSK,Rayleigh
0,1,2,0.14634,BPSK,Rayleigh
0.5,1,2,0.13579,BPSK,Rayleigh
0.5,1,2,0.13645,BPSK,Rayleigh
0.5,1,2,0.13601,BPSK,Rayleigh
0.5,1,2,0.13566,BPSK,Rayleigh
0.5,1,2,0.13765,BPSK,Rayleigh
1,1,2,0.12778,BPSK,Rayleigh
1,1,2,0.12632,BPSK,Rayleigh
1,1,2,0.12645,BPSK,Rayleigh
1,1,2,0.12546,BPSK,Rayleigh
1,1,2,0.12725,BPSK,Rayleigh
1.5,1,2,0.11862,BPSK,Rayleigh
1.5,1,2,0.11662,BPSK,Rayleigh
1.5,1,2,0.1182,BPSK,Rayleigh
1.5,1,2,0.1182,BPSK,Rayleigh
1.5,1,2,0.11901,BPSK,Rayleigh
2,1,2,0.10789,BPSK,Rayleigh
2,1,2,0.10929,BPSK,Rayleigh
2,1,2,0.10821,BPSK,Rayleigh
2,1,2,0.10835,BPSK,Rayleigh
2,1,2,0.10941,BPSK,Rayleigh
2.5,1,2,0.10026,BPSK,Rayleigh
2.5,1,2,0.09968,BPSK,Rayleigh
2.5,1,2,0.09784,BPSK,Rayleigh
2.5,1,2,0.10036,BPSK,Rayleigh
2.5,1,2,0.09935,BPSK,Rayleigh
3,1,2,0.09233,BPSK,Rayleigh
3,1,2,0.09194,BPSK,Rayleigh
3,1,2,0.0907,BPSK,Rayleigh
3,1,2,0.09215,BPSK,Rayleigh
3,1,2,0.09308,BPSK,Rayleigh
3.5,1,2,0.08527,BPSK,Rayleigh
3.5,1,2,0.08477,BPSK,Rayleigh
3.5,1,2,0.08413,BPSK,Rayleigh
3.5,1,2,0.0837,BPSK,Rayleigh
3.5,1,2,0.08256,BPSK,Rayleigh
4,1,2,0.07901,BPSK,Rayleigh
4,1,2,0.07706,BPSK,Rayleigh
4,1,2,0.07715,BPSK,Rayleigh
4,1,2,0.07721,BPSK,Rayleigh
4,1,2,0.07694,BPSK,Rayleigh
4.5,1,2,0.07055,BPSK,Rayleigh
4.5,1,2,0.07077,BPSK,Rayleigh
4.5,1,2,0.0702,BPSK,Rayleigh
4.5,1,2,0.07131,BPSK,Rayleigh
4.5,1,2,0.07161,BPSK,Rayleigh
5,1,2,0.06382,BPSK,Rayleigh
5,1,2,0.06422,BPSK,Rayleigh
5,1,2,0.06575,BPSK,Rayleigh
5,1,2,0.06414,BPSK,Rayleigh
5,1,2,0.06511,BPSK,Rayleigh
5.5,1,2,0.0587,BPSK,Rayleigh
5.5,1,2,0.05713,BPSK,Rayleigh
5.5,1,2,0.05805,BPSK,Rayleigh
5.5,1,2,0.05912,BPSK,Rayleigh
5.5,1,2,0.05804,BPSK,Rayleigh
6,1,2,0.05339,BPSK,Rayleigh
6,1,2,0.05278,BPSK,Rayleigh
6,1,2,0.05147,BPSK,Rayleigh
6,1,2,0.05343,BPSK,Rayleigh
6,1,2,0.05329,BPSK,Rayleigh
6.5,1,2,0.04801,BPSK,Rayleigh
6.5,1,2,0.04798,BPSK,Rayleigh
6.5,1,2,0.04971,BPSK,Rayleigh
6.5,1,2,0.04803,BPSK,Rayleigh
6.5,1,2,0.04745,BPSK,Rayleigh
7,1,2,0.04356,BPSK,Rayleigh
7,1,2,0.04432,BPSK,Rayleigh
7,1,2,0.04366,BPSK,Rayleigh
7,1,2,0.04445,BPSK,Rayleigh
7,1,2,0.04345,BPSK,Rayleigh
7.5,1,2,0.03904,BPSK,Rayleigh
7.5,1,2,0.03949,BPSK,Rayleigh
7.5,1,2,0.03991,BPSK,Rayleigh
7.5,1,2,0.04042,BPSK,Rayleigh
7.5,1,2,0.0396,BPSK,Rayleigh
8,1,2,0.03677,BPSK,Rayleigh
8,1,2,0.03503,BPSK,Rayleigh
8,1,2,0.03419,BPSK,Rayleigh
8,1,2,0.0358,BPSK,Rayleigh
8,1,2,0.03527,BPSK,Rayleigh
8.5,1,2,0.03167,BPSK,Rayleigh
8.5,1,2,0.03223,BPSK,Rayleigh
8.5,1,2,0.0312,BPSK,Rayleigh
8.5,1,2,0.03208,BPSK,Rayleigh
8.5,1,2,0.03192,BPSK,Rayleigh
9,1,2,0.02857,BPSK,Rayleigh
9,1,2,0.02915,BPSK,Rayleigh
9,1,2,0.02927,BPSK,Rayleigh
9,1,2,0.02911,BPSK,Rayleigh
9,1,2,0.02953,BPSK,Rayleigh
9.5,1,2,0.02599,BPSK,Rayleigh
9.5,1,2,0.02542,BPSK,Rayleigh
9.5,1,2,0.02577,BPSK,Rayleigh
9.5,1,2,0.02639,BPSK,Rayleigh
9.5,1,2,0.02543,BPSK,Rayleigh
10,1,2,0.02405,BPSK,Rayleigh
10,1,2,0.02246,BPSK,Rayleigh
10,1,2,0.02379,BPSK,Rayleigh
10,1,2,0.02367,BPSK,Rayleigh
10,1,2,0.02331,BPSK,Rayleigh
10.5,1,2,0.02096,BPSK,Rayleigh
10.5,1,2,0.02068,BPSK,Rayleigh
10.5,1,2,0.02045,BPSK,Rayleigh
10.5,1,2,0.02028,BPSK,Rayleigh
10.5,1,2,0.02066,BPSK,Rayleigh
11,1,2,0.01955,BPSK,Rayleigh
11,1,2,0.01868,BPSK,Rayleigh
11,1,2,0.01935,BPSK,Rayleigh
11,1,2,0.01867,BPSK,Rayleigh
11,1,2,0.01912,BPSK,Rayleigh
11.5,1,2,0.01687,BPSK,Rayleigh
11.5,1,2,0.01648,BPSK,Rayleigh
11.5,1,2,0.01638,BPSK,Rayleigh
11.5,1,2,0.01685,BPSK,Rayleigh
11.5,1,2,0.01679,BPSK,Rayleigh
12,1,2,0.01535,BPSK,Rayleigh
12,1,2,0.01488,BPSK,Rayleigh
12,1,2,0.0157,BPSK,Rayleigh
12,1,2,0.01503,BPSK,Rayleigh
12,1,2,0.01491,BPSK,Rayleigh
12.5,1,2,0.01392,BPSK,Rayleigh
12.5,1,2,0.01327,BPSK,Rayleigh
12.5,1,2,0.01383,BPSK,Rayleigh
12.5,1,2,0.01295,BPSK,Rayleigh
12.5,1,2,0.0134,BPSK,Rayleigh
13,1,2,0.01244,BPSK,Rayleigh
13,1,2,0.01235,BPSK,Rayleigh
13,1,2,0.01226,BPSK,Rayleigh
13,1,2,0.01262,BPSK,Rayleigh
13,1,2,0.01218,BPSK,Rayleigh
13.5,1,2,0.01064,BPSK,Rayleigh
13.5,1,2,0.01081,BPSK,Rayleigh
13.5,1,2,0.01021,BPSK,Rayleigh
13.5,1,2,0.0102,BPSK,Rayleigh
13.5,1,2,0.01054,BPSK,Rayleigh
14,1,2,0.00946,BPSK,Rayleigh
14,1,2,0.00982,BPSK,Rayleigh
14,1,2,0.00968,BPSK,Rayleigh
14,1,2,0.00963,BPSK,Rayleigh
14,1,2,0.00959,BPSK,Rayleigh
14.5,1,2,0.0089,BPSK,Rayleigh
14.5,1,2,0.00879,BPSK,Rayleigh
14.5,1,2,0.00853,BPSK,Rayleigh
14.5,1,2,0.00914,BPSK,Rayleigh
14.5,1,2,0.00835,BPSK,Rayleigh
15,1,2,0.00753,BPSK,Rayleigh
15,1,2,0.00797,BPSK,Rayleigh
15,1,2,0.00768,BPSK,Rayleigh
15,1,2,0.00777,BPSK,Rayleigh
15,1,2,0.0076,BPSK,Rayleigh
15.5,1,2,0.00666,BPSK,Rayleigh
15.5,1,2,0.00663,BPSK,Rayleigh
15.5,1,2,0.00685,BPSK,Rayleigh
15.5,1,2,0.00706,BPSK,Rayleigh
15.5,1,2,0.00716,BPSK,Rayleigh
16,1,2,0.00606,BPSK,Rayleigh
16,1,2,0.00622,BPSK,Rayleigh
16,1,2,0.00585,BPSK,Rayleigh
16,1,2,0.00643,BPSK,Rayleigh
16,1,2,0.00622,BPSK,Rayleigh
16.5,1,2,0.00531,BPSK,Rayleigh
16.5,1,2,0.00574,BPSK,Rayleigh
16.5,1,2,0.00521,BPSK,Rayleigh
16.5,1,2,0.00609,BPSK,Rayleigh
16.5,1,2,0.00525,BPSK,Rayleigh
17,1,2,0.00482,BPSK,Rayleigh
17,1,2,0.00467,BPSK,Rayleigh
17,1,2,0.00482,BPSK,Rayleigh
17,1,2,0.00494,BPSK,Rayleigh
17,1,2,0.00455,BPSK,Rayleigh
17.5,1,2,0.00404,BPSK,Rayleigh
17.5,1,2,0.00427,BPSK,Rayleigh
17.5,1,2,0.0042,BPSK,Rayleigh
17.5,1,2,0.00415,BPSK,Rayleigh
17.5,1,2,0.00431,BPSK,Rayleigh
18,1,2,0.00457,BPSK,Rayleigh
18,1,2,0.00367,BPSK,Rayleigh
18,1,2,0.00377,BPSK,Rayleigh
18,1,2,0.00372,BPSK,Rayleigh
18,1,2,0.00401,BPSK,Rayleigh
18.5,1,2,0.0039,BPSK,Rayleigh
18.5,1,2,0.00375,BPSK,Rayleigh
18.5,1,2,0.00322,BPSK,Rayleigh
18.5,1,2,0.00379,BPSK,Rayleigh
18.5,1,2,0.00357,BPSK,Rayleigh
19,1,2,0.00298,BPSK,Rayleigh
19,1,2,0.00315,BPSK,Rayleigh
19,1,2,0.00335,BPSK,Rayleigh
19,1,2,0.00309,BPSK,Rayleigh
19,1,2,0.00313,BPSK,Rayleigh
19.5,1,2,0.00285,BPSK,Rayleigh
19.5,1,2,0.00308,BPSK,Rayleigh
19.5,1,2,0.00286,BPSK,Rayleigh
19.5,1,2,0.00304,BPSK,Rayleigh
19.5,1,2,0.00266,BPSK,Rayleigh
20,1,2,0.00248,BPSK,Rayleigh
20,1,2,0.00264,BPSK,Rayleigh
20,1,2,0.00249,BPSK,Rayleigh
20,1,2,0.00236,BPSK,Rayleigh
20,1,2,0.00255,BPSK,Rayleigh
0,2,1,0.15937,QPSK,AWGN
0,2,1,0.15948,QPSK,AWGN
0,2,1,0.15739,QPSK,AWGN
0,2,1,0.15918,QPSK,AWGN
0,2,1,0.16062,QPSK,AWGN
0.5,2,1,0.14617,QPSK,AWGN
0.5,2,1,0.14635,QPSK,AWGN
0.5,2,1,0.14574,QPSK,AWGN
0.5,2,1,0.14535,QPSK,AWGN
0.5,2,1,0.14672,QPSK,AWGN
1,2,1,0.13325,QPSK,AWGN
1,2,1,0.13109,QPSK,AWGN
1,2,1,0.13387,QPSK,AWGN
1,2,1,0.13248,QPSK,AWGN
1,2,1,0.13212,QPSK,AWGN
1.5,2,1,0.11631,QPSK,AWGN
1.5,2,1,0.1181,QPSK,AWGN
1.5,2,1,0.11919,QPSK,AWGN
1.5,2,1,0.11519,QPSK,AWGN
1.5,2,1,0.11829,QPSK,AWGN
2,2,1,0.10431,QPSK,AWGN
2,2,1,0.10681,QPSK,AWGN
2,2,1,0.10262,QPSK,AWGN
2,2,1,0.105,QPSK,AWGN
2,2,1,0.1042,QPSK,AWGN
2.5,2,1,0.09544,QPSK,AWGN
2.5,2,1,0.09162,QPSK,AWGN
2.5,2,1,0.0913,QPSK,AWGN
2.5,2,1,0.09181,QPSK,AWGN
2.5,2,1,0.09287,QPSK,AWGN
3,2,1,0.08051,QPSK,AWGN
3,2,1,0.07986,QPSK,AWGN
3,2,1,0.07977,QPSK,AWGN
3,2,1,0.07855,QPSK,AWGN
3,2,1,0.07869,QPSK,AWGN
3.5,2,1,0.06718,QPSK,AWGN
3.5,2,1,0.07163,QPSK,AWGN
3.5,2,1,0.06754,QPSK,AWGN
3.5,2,1,0.06882,QPSK,AWGN
3.5,2,1,0.06745,QPSK,AWGN
4,2,1,0.05805,QPSK,AWGN
4,2,1,0.05616,QPSK,AWGN
4,2,1,0.05732,QPSK,AWGN
4,2,1,0.0575,QPSK,AWGN
4,2,1,0.05815,QPSK,AWGN
4.5,2,1,0.04649,QPSK,AWGN
4.5,2,1,0.04724,QPSK,AWGN
4.5,2,1,0.04783,QPSK,AWGN
4.5,2,1,0.04772,QPSK,AWGN
4.5,2,1,0.04787,QPSK,AWGN
5,2,1,0.03936,QPSK,AWGN
5,2,1,0.03802,QPSK,AWGN
5,2,1,0.03857,QPSK,AWGN
5,2,1,0.03906,QPSK,AWGN
5,2,1,0.03801,QPSK,AWGN
5.5,2,1,0.0314,QPSK,AWGN
5.5,2,1,0.02959,QPSK,AWGN
5.5,2,1,0.02955,QPSK,AWGN
5.5,2,1,0.02992,QPSK,AWGN
5.5,2,1,0.0306,QPSK,AWGN
6,2,1,0.0225,QPSK,AWGN
6,2,1,0.02402,QPSK,AWGN
6,2,1,0.02326,QPSK,AWGN
6,2,1,0.02311,QPSK,AWGN
6,2,1,0.02404,QPSK,AWGN
6.5,2,1,0.01773,QPSK,AWGN
6.5,2,1,0.01819,QPSK,AWGN
6.5,2,1,0.01695,QPSK,AWGN
6.5,2,1,0.01741,QPSK,AWGN
6.5,2,1,0.01807,QPSK,AWGN
7,2,1,0.01277,QPSK,AWGN
7,2,1,0.01287,QPSK,AWGN
7,2,1,0.01249,QPSK,AWGN
7,2,1,0.01269,QPSK,AWGN
7,2,1,0.01247,QPSK,AWGN
7.5,2,1,0.00951,QPSK,AWGN
7.5,2,1,0.00919,QPSK,AWGN
7.5,2,1,0.00895,QPSK,AWGN
7.5,2,1,0.00913,QPSK,AWGN
7.5,2,1,0.00995,QPSK,AWGN
8,2,1,0.0069,QPSK,AWGN
8,2,1,0.00658,QPSK,AWGN
8,2,1,0.00622,QPSK,AWGN
8,2,1,0.0068,QPSK,AWGN
8,2,1,0.00618,QPSK,AWGN
8.5,2,1,0.00383,QPSK,AWGN
8.5,2,1,0.00385,QPSK,AWGN
8.5,2,1,0.00457,QPSK,AWGN
8.5,2,1,0.00486,QPSK,AWGN
8.5,2,1,0.00415,QPSK,AWGN
9,2,1,0.0027,QPSK,AWGN
9,2,1,0.00342,QPSK,AWGN
9,2,1,0.00278,QPSK,AWGN
9,2,1,0.00254,QPSK,AWGN
9,2,1,0.00399,QPSK,AWGN
9.5,2,1,0.00144,QPSK,AWGN
9.5,2,1,0.00189,QPSK,AWGN
9.5,2,1,0.00181,QPSK,AWGN
9.5,2,1,0.00133,QPSK,AWGN
9.5,2,1,0.00174,QPSK,AWGN
10,2,1,0.00143,QPSK,AWGN
10,2,1,0.00084,QPSK,AWGN
10,2,1,0.00084,QPSK,AWGN
10,2,1,0.000936,QPSK,AWGN
10,2,1,0.001184,QPSK,AWGN
10.5,2,1,0.000468,QPSK,AWGN
10.5,2,1,0.00048,QPSK,AWGN
10.5,2,1,0.000428,QPSK,AWGN
10.5,2,1,0.000518,QPSK,AWGN
10.5,2,1,0.000402,QPSK,AWGN
11,2,1,0.000222,QPSK,AWGN
11,2,1,0.000199,QPSK,AWGN
11,2,1,0.00021,QPSK,AWGN
11,2,1,0.000215,QPSK,AWGN
11,2,1,0.000173,QPSK,AWGN
11.5,2,1,0.000207,QPSK,AWGN
11.5,2,1,0.000114,QPSK,AWGN
11.5,2,1,0.000106,QPSK,AWGN
11.5,2,1,0.00011,QPSK,AWGN
11.5,2,1,0.000108,QPSK,AWGN
12,2,1,3.9e-05,QPSK,AWGN
12,2,1,5e-05,QPSK,AWGN
12,2,1,4.15e-05,QPSK,AWGN
12,2,1,3.95e-05,QPSK,AWGN
12,2,1,4.4e-05,QPSK,AWGN
12.5,2,1,1.35e-05,QPSK,AWGN
12.5,2,1,2.2e-05,QPSK,AWGN
12.5,2,1,1.3e-05,QPSK,AWGN
12.5,2,1,1.35e-05,QPSK,AWGN
12.5,2,1,1.4e-05,QPSK,AWGN
13,2,1,6.6e-06,QPSK,AWGN
13,2,1,6e-06,QPSK,AWGN
13,2,1,6e-06,QPSK,AWGN
13,2,1,4.6e-06,QPSK,AWGN
13,2,1,4e-06,QPSK,AWGN
13.5,2,1,1.2e-06,QPSK,AWGN
13.5,2,1,4.2e-06,QPSK,AWGN
13.5,2,1,1.6e-06,QPSK,AWGN
13.5,2,1,2e-06,QPSK,AWGN
13.5,2,1,4e-06,QPSK,AWGN
14,2,1,6e-07,QPSK,AWGN
14,2,1,2e-07,QPSK,AWGN
14,2,1,1.6e-06,QPSK,AWGN
14,2,1,6e-07,QPSK,AWGN
14,2,1,1e-12,QPSK,AWGN
14.5,2,1,5.51612190839036e-08,QPSK,AWGN
14.5,2,1,5.51612190839036e-08,QPSK,AWGN
14.5,2,1,5.51612190839036e-08,QPSK,AWGN
14.5,2,1,5.51612190839036e-08,QPSK,AWGN
14.5,2,1,5.51612190839036e-08,QPSK,AWGN
15,2,1,9.3610399906851e-09,QPSK,AWGN
15,2,1,9.3610399906851e-09,QPSK,AWGN
15,2,1,9.3610399906851e-09,QPSK,AWGN
15,2,1,9.3610399906851e-09,QPSK,AWGN
15,2,1,9.3610399906851e-09,QPSK,AWGN
15.5,2,1,1.28752894776434e-09,QPSK,AWGN
15.5,2,1,1.28752894776434e-09,QPSK,AWGN
15.5,2,1,1.28752894776434e-09,QPSK,AWGN
15.5,2,1,1.28752894776434e-09,QPSK,AWGN
15.5,2,1,1.28752894776434e-09,QPSK,AWGN
16,2,1,1.39902780939769e-10,QPSK,AWGN
16,2,1,1.39902780939769e-10,QPSK,AWGN
16,2,1,1.39902780939769e-10,QPSK,AWGN
16,2,1,1.39902780939769e-10,QPSK,AWGN
16,2,1,1.39902780939769e-10,QPSK,AWGN
16.5,2,1,1.16699379036371e-11,QPSK,AWGN
16.5,2,1,1.16699379036371e-11,QPSK,AWGN
16.5,2,1,1.16699379036371e-11,QPSK,AWGN
16.5,2,1,1.16699379036371e-11,QPSK,AWGN
16.5,2,1,1.16699379036371e-11,QPSK,AWGN
17,2,1,1e-12,QPSK,AWGN
17,2,1,1e-12,QPSK,AWGN
17,2,1,1e-12,QPSK,AWGN
17,2,1,1e-12,QPSK,AWGN
17,2,1,1e-12,QPSK,AWGN
17.5,2,1,1e-12,QPSK,AWGN
17.5,2,1,1e-12,QPSK,AWGN
17.5,2,1,1e-12,QPSK,AWGN
17.5,2,1,1e-12,QPSK,AWGN
17.5,2,1,1e-12,QPSK,AWGN
18,2,1,1e-12,QPSK,AWGN
18,2,1,1e-12,QPSK,AWGN
18,2,1,1e-12,QPSK,AWGN
18,2,1,1e-12,QPSK,AWGN
18,2,1,1e-12,QPSK,AWGN
18.5,2,1,1e-12,QPSK,AWGN
18.5,2,1,1e-12,QPSK,AWGN
18.5,2,1,1e-12,QPSK,AWGN
18.5,2,1,1e-12,QPSK,AWGN
18.5,2,1,1e-12,QPSK,AWGN
19,2,1,1e-12,QPSK,AWGN
19,2,1,1e-12,QPSK,AWGN
19,2,1,1e-12,QPSK,AWGN
19,2,1,1e-12,QPSK,AWGN
19,2,1,1e-12,QPSK,AWGN
19.5,2,1,1e-12,QPSK,AWGN
19.5,2,1,1e-12,QPSK,AWGN
19.5,2,1,1e-12,QPSK,AWGN
19.5,2,1,1e-12,QPSK,AWGN
19.5,2,1,1e-12,QPSK,AWGN
20,2,1,1e-12,QPSK,AWGN
20,2,1,1e-12,QPSK,AWGN
20,2,1,1e-12,QPSK,AWGN
20,2,1,1e-12,QPSK,AWGN
20,2,1,1e-12,QPSK,AWGN
0,2,2,0.21372,QPSK,Rayleigh
0,2,2,0.21093,QPSK,Rayleigh
0,2,2,0.21316,QPSK,Rayleigh
0,2,2,0.21141,QPSK,Rayleigh
0,2,2,0.20982,QPSK,Rayleigh
0.5,2,2,0.19967,QPSK,Rayleigh
0.5,2,2,0.2008,QPSK,Rayleigh
0.5,2,2,0.20017,QPSK,Rayleigh
0.5,2,2,0.19959,QPSK,Rayleigh
0.5,2,2,0.1989,QPSK,Rayleigh
1,2,2,0.18942,QPSK,Rayleigh
1,2,2,0.18851,QPSK,Rayleigh
1,2,2,0.18856,QPSK,Rayleigh
1,2,2,0.18918,QPSK,Rayleigh
1,2,2,0.19226,QPSK,Rayleigh
1.5,2,2,0.17656,QPSK,Rayleigh
1.5,2,2,0.1795,QPSK,Rayleigh
1.5,2,2,0.17981,QPSK,Rayleigh
1.5,2,2,0.17773,QPSK,Rayleigh
1.5,2,2,0.17988,QPSK,Rayleigh
2,2,2,0.16896,QPSK,Rayleigh
2,2,2,0.16705,QPSK,Rayleigh
2,2,2,0.16606,QPSK,Rayleigh
2,2,2,0.16918,QPSK,Rayleigh
2,2,2,0.16726,QPSK,Rayleigh
2.5,2,2,0.15757,QPSK,Rayleigh
2.5,2,2,0.1579,QPSK,Rayleigh
2.5,2,2,0.1593,QPSK,Rayleigh
2.5,2,2,0.15744,QPSK,Rayleigh
2.5,2,2,0.15549,QPSK,Rayleigh
3,2,2,0.14697,QPSK,Rayleigh
3,2,2,0.14553,QPSK,Rayleigh
3,2,2,0.15111,QPSK,Rayleigh
3,2,2,0.14796,QPSK,Rayleigh
3,2,2,0.1448,QPSK,Rayleigh
3.5,2,2,0.13894,QPSK,Rayleigh
3.5,2,2,0.13596,QPSK,Rayleigh
3.5,2,2,0.13763,QPSK,Rayleigh
3.5,2,2,0.13793,QPSK,Rayleigh
3.5,2,2,0.13728,QPSK,Rayleigh
4,2,2,0.12745,QPSK,Rayleigh
4,2,2,0.1303,QPSK,Rayleigh
4,2,2,0.12676,QPSK,Rayleigh
4,2,2,0.12847,QPSK,Rayleigh
4,2,2,0.12739,QPSK,Rayleigh
4.5,2,2,0.11838,QPSK,Rayleigh
4.5,2,2,0.11698,QPSK,Rayleigh
4.5,2,2,0.12231,QPSK,Rayleigh
4.5,2,2,0.11774,QPSK,Rayleigh
4.5,2,2,0.11715,QPSK,Rayleigh
5,2,2,0.10818,QPSK,Rayleigh
5,2,2,0.10846,QPSK,Rayleigh
5,2,2,0.10902,QPSK,Rayleigh
5,2,2,0.10845,QPSK,Rayleigh
5,2,2,0.11006,QPSK,Rayleigh
5.5,2,2,0.09964,QPSK,Rayleigh
5.5,2,2,0.10469,QPSK,Rayleigh
5.5,2,2,0.09915,QPSK,Rayleigh
5.5,2,2,0.09838,QPSK,Rayleigh
5.5,2,2,0.10045,QPSK,Rayleigh
6,2,2,0.09306,QPSK,Rayleigh
6,2,2,0.09335,QPSK,Rayleigh
6,2,2,0.09601,QPSK,Rayleigh
6,2,2,0.09245,QPSK,Rayleigh
6,2,2,0.09276,QPSK,Rayleigh
6.5,2,2,0.0857,QPSK,Rayleigh
6.5,2,2,0.08549,QPSK,Rayleigh
6.5,2,2,0.08405,QPSK,Rayleigh
6.5,2,2,0.0847,QPSK,Rayleigh
6.5,2,2,0.08427,QPSK,Rayleigh
7,2,2,0.0766,QPSK,Rayleigh
7,2,2,0.07655,QPSK,Rayleigh
7,2,2,0.07714,QPSK,Rayleigh
7,2,2,0.07766,QPSK,Rayleigh
7,2,2,0.0774,QPSK,Rayleigh
7.5,2,2,0.06997,QPSK,Rayleigh
7.5,2,2,0.07013,QPSK,Rayleigh
7.5,2,2,0.07204,QPSK,Rayleigh
7.5,2,2,0.07069,QPSK,Rayleigh
7.5,2,2,0.07174,QPSK,Rayleigh
8,2,2,0.06439,QPSK,Rayleigh
8,2,2,0.06385,QPSK,Rayleigh
8,2,2,0.06492,QPSK,Rayleigh
8,2,2,0.06451,QPSK,Rayleigh
8,2,2,0.06445,QPSK,Rayleigh
8.5,2,2,0.05853,QPSK,Rayleigh
8.5,2,2,0.05901,QPSK,Rayleigh
8.5,2,2,0.0592,QPSK,Rayleigh
8.5,2,2,0.05769,QPSK,Rayleigh
8.5,2,2,0.05865,QPSK,Rayleigh
9,2,2,0.05283,QPSK,Rayleigh
9,2,2,0.05421,QPSK,Rayleigh
9,2,2,0.05349,QPSK,Rayleigh
9,2,2,0.05215,QPSK,Rayleigh
9,2,2,0.05437,QPSK,Rayleigh
9.5,2,2,0.04854,QPSK,Rayleigh
9.5,2,2,0.04937,QPSK,Rayleigh
9.5,2,2,0.04768,QPSK,Rayleigh
9.5,2,2,0.04765,QPSK,Rayleigh
9.5,2,2,0.0482,QPSK,Rayleigh
10,2,2,0.04461,QPSK,Rayleigh
10,2,2,0.04388,QPSK,Rayleigh
10,2,2,0.04405,QPSK,Rayleigh
10,2,2,0.04356,QPSK,Rayleigh
10,2,2,0.04374,QPSK,Rayleigh
10.5,2,2,0.04047,QPSK,Rayleigh
10.5,2,2,0.03916,QPSK,Rayleigh
10.5,2,2,0.03952,QPSK,Rayleigh
10.5,2,2,0.04069,QPSK,Rayleigh
10.5,2,2,0.03952,QPSK,Rayleigh
11,2,2,0.0344,QPSK,Rayleigh
11,2,2,0.03656,QPSK,Rayleigh
11,2,2,0.03472,QPSK,Rayleigh
11,2,2,0.03574,QPSK,Rayleigh
11,2,2,0.03536,QPSK,Rayleigh
11.5,2,2,0.03214,QPSK,Rayleigh
11.5,2,2,0.03262,QPSK,Rayleigh
11.5,2,2,0.03333,QPSK,Rayleigh
11.5,2,2,0.03209,QPSK,Rayleigh
11.5,2,2,0.03385,QPSK,Rayleigh
12,2,2,0.02887,QPSK,Rayleigh
12,2,2,0.02931,QPSK,Rayleigh
12,2,2,0.02807,QPSK,Rayleigh
12,2,2,0.02891,QPSK,Rayleigh
12,2,2,0.02864,QPSK,Rayleigh
12.5,2,2,0.02628,QPSK,Rayleigh
12.5,2,2,0.02601,QPSK,Rayleigh
12.5,2,2,0.02645,QPSK,Rayleigh
12.5,2,2,0.02606,QPSK,Rayleigh
12.5,2,2,0.02739,QPSK,Rayleigh
13,2,2,0.02408,QPSK,Rayleigh
13,2,2,0.02537,QPSK,Rayleigh
13,2,2,0.02334,QPSK,Rayleigh
13,2,2,0.02437,QPSK,Rayleigh
13,2,2,0.02298,QPSK,Rayleigh
13.5,2,2,0.02121,QPSK,Rayleigh
13.5,2,2,0.02034,QPSK,Rayleigh
13.5,2,2,0.02119,QPSK,Rayleigh
13.5,2,2,0.02123,QPSK,Rayleigh
13.5,2,2,0.02115,QPSK,Rayleigh
14,2,2,0.02058,QPSK,Rayleigh
14,2,2,0.01858,QPSK,Rayleigh
14,2,2,0.01914,QPSK,Rayleigh
14,2,2,0.01768,QPSK,Rayleigh
14,2,2,0.0184,QPSK,Rayleigh
14.5,2,2,0.01711,QPSK,Rayleigh
14.5,2,2,0.01681,QPSK,Rayleigh
14.5,2,2,0.01703,QPSK,Rayleigh
14.5,2,2,0.01743,QPSK,Rayleigh
14.5,2,2,0.0169,QPSK,Rayleigh
15,2,2,0.01605,QPSK,Rayleigh
15,2,2,0.01507,QPSK,Rayleigh
15,2,2,0.01494,QPSK,Rayleigh
15,2,2,0.01537,QPSK,Rayleigh
15,2,2,0.01458,QPSK,Rayleigh
15.5,2,2,0.01375,QPSK,Rayleigh
15.5,2,2,0.014,QPSK,Rayleigh
15.5,2,2,0.01325,QPSK,Rayleigh
15.5,2,2,0.0136,QPSK,Rayleigh
15.5,2,2,0.01374,QPSK,Rayleigh
16,2,2,0.01254,QPSK,Rayleigh
16,2,2,0.01102,QPSK,Rayleigh
16,2,2,0.01235,QPSK,Rayleigh
16,2,2,0.01137,QPSK,Rayleigh
16,2,2,0.0117,QPSK,Rayleigh
16.5,2,2,0.01132,QPSK,Rayleigh
16.5,2,2,0.01148,QPSK,Rayleigh
16.5,2,2,0.01059,QPSK,Rayleigh
16.5,2,2,0.01071,QPSK,Rayleigh
16.5,2,2,0.01076,QPSK,Rayleigh
17,2,2,0.00971,QPSK,Rayleigh
17,2,2,0.00949,QPSK,Rayleigh
17,2,2,0.01007,QPSK,Rayleigh
17,2,2,0.00996,QPSK,Rayleigh
17,2,2,0.00997,QPSK,Rayleigh
17.5,2,2,0.00839,QPSK,Rayleigh
17.5,2,2,0.00858,QPSK,Rayleigh
17.5,2,2,0.00905,QPSK,Rayleigh
17.5,2,2,0.00872,QPSK,Rayleigh
17.5,2,2,0.00825,QPSK,Rayleigh
18,2,2,0.00752,QPSK,Rayleigh
18,2,2,0.00793,QPSK,Rayleigh
18,2,2,0.00814,QPSK,Rayleigh
18,2,2,0.00782,QPSK,Rayleigh
18,2,2,0.00733,QPSK,Rayleigh
18.5,2,2,0.00657,QPSK,Rayleigh
18.5,2,2,0.00658,QPSK,Rayleigh
18.5,2,2,0.00652,QPSK,Rayleigh
18.5,2,2,0.00678,QPSK,Rayleigh
18.5,2,2,0.00706,QPSK,Rayleigh
19,2,2,0.00677,QPSK,Rayleigh
19,2,2,0.00605,QPSK,Rayleigh
19,2,2,0.00637,QPSK,Rayleigh
19,2,2,0.00594,QPSK,Rayleigh
19,2,2,0.00609,QPSK,Rayleigh
19.5,2,2,0.00543,QPSK,Rayleigh
19.5,2,2,0.00554,QPSK,Rayleigh
19.5,2,2,0.00553,QPSK,Rayleigh
19.5,2,2,0.00585,QPSK,Rayleigh
19.5,2,2,0.0057,QPSK,Rayleigh
20,2,2,0.00511,QPSK,Rayleigh
20,2,2,0.00535,QPSK,Rayleigh
20,2,2,0.00507,QPSK,Rayleigh
20,2,2,0.00502,QPSK,Rayleigh
20,2,2,0.00497,QPSK,Rayleigh
0,3,1,0.31103,16QAM,AWGN
0,3,1,0.30974,16QAM,AWGN
0,3,1,0.31165,16QAM,AWGN
0,3,1,0.30832,16QAM,AWGN
0,3,1,0.30671,16QAM,AWGN
0.5,3,1,0.30083,16QAM,AWGN
0.5,3,1,0.30163,16QAM,AWGN
0.5,3,1,0.30453,16QAM,AWGN
0.5,3,1,0.29981,16QAM,AWGN
0.5,3,1,0.29773,16QAM,AWGN
1,3,1,0.29135,16QAM,AWGN
1,3,1,0.29268,16QAM,AWGN
1,3,1,0.29171,16QAM,AWGN
1,3,1,0.29344,16QAM,AWGN
1,3,1,0.29182,16QAM,AWGN
1.5,3,1,0.2841,16QAM,AWGN
1.5,3,1,0.28647,16QAM,AWGN
1.5,3,1,0.28231,16QAM,AWGN
1.5,3,1,0.28524,16QAM,AWGN
1.5,3,1,0.28515,16QAM,AWGN
2,3,1,0.27287,16QAM,AWGN
2,3,1,0.27424,16QAM,AWGN
2,3,1,0.27526,16QAM,AWGN
2,3,1,0.28225,16QAM,AWGN
2,3,1,0.27877,16QAM,AWGN
2.5,3,1,0.26346,16QAM,AWGN
2.5,3,1,0.26619,16QAM,AWGN
2.5,3,1,0.26681,16QAM,AWGN
2.5,3,1,0.26844,16QAM,AWGN
2.5,3,1,0.26596,16QAM,AWGN
3,3,1,0.25517,16QAM,AWGN
3,3,1,0.25966,16QAM,AWGN
3,3,1,0.25524,16QAM,AWGN
3,3,1,0.25712,16QAM,AWGN
3,3,1,0.25639,16QAM,AWGN
3.5,3,1,0.2474,16QAM,AWGN
3.5,3,1,0.24721,16QAM,AWGN
3.5,3,1,0.24701,16QAM,AWGN
3.5,3,1,0.24484,16QAM,AWGN
3.5,3,1,0.24669,16QAM,AWGN
4,3,1,0.23432,16QAM,AWGN
4,3,1,0.23528,16QAM,AWGN
4,3,1,0.23507,16QAM,AWGN
4,3,1,0.23593,16QAM,AWGN
4,3,1,0.23337,16QAM,AWGN
4.5,3,1,0.22383,16QAM,AWGN
4.5,3,1,0.22161,16QAM,AWGN
4.5,3,1,0.22688,16QAM,AWGN
4.5,3,1,0.22377,16QAM,AWGN
4.5,3,1,0.22287,16QAM,AWGN
5,3,1,0.21042,16QAM,AWGN
5,3,1,0.2108,16QAM,AWGN
5,3,1,0.20978,16QAM,AWGN
5,3,1,0.21032,16QAM,AWGN
5,3,1,0.21246,16QAM,AWGN
5.5,3,1,0.19912,16QAM,AWGN
5.5,3,1,0.207,16QAM,AWGN
5.5,3,1,0.19748,16QAM,AWGN
5.5,3,1,0.19678,16QAM,AWGN
5.5,3,1,0.19846,16QAM,AWGN
6,3,1,0.18827,16QAM,AWGN
6,3,1,0.18725,16QAM,AWGN
6,3,1,0.19217,16QAM,AWGN
6,3,1,0.18501,16QAM,AWGN
6,3,1,0.18949,16QAM,AWGN
6.5,3,1,0.17339,16QAM,AWGN
6.5,3,1,0.17493,16QAM,AWGN
6.5,3,1,0.17431,16QAM,AWGN
6.5,3,1,0.17137,16QAM,AWGN
6.5,3,1,0.17466,16QAM,AWGN
7,3,1,0.15645,16QAM,AWGN
7,3,1,0.15856,16QAM,AWGN
7,3,1,0.15898,16QAM,AWGN
7,3,1,0.15786,16QAM,AWGN
7,3,1,0.15732,16QAM,AWGN
7.5,3,1,0.1473,16QAM,AWGN
7.5,3,1,0.14768,16QAM,AWGN
7.5,3,1,0.14934,16QAM,AWGN
7.5,3,1,0.14808,16QAM,AWGN
7.5,3,1,0.14545,16QAM,AWGN
8,3,1,0.133426,16QAM,AWGN
8,3,1,0.130912,16QAM,AWGN
8,3,1,0.131922,16QAM,AWGN
8,3,1,0.130312,16QAM,AWGN
8,3,1,0.13339,16QAM,AWGN
8.5,3,1,0.120032,16QAM,AWGN
8.5,3,1,0.121956,16QAM,AWGN
8.5,3,1,0.118538,16QAM,AWGN
8.5,3,1,0.119248,16QAM,AWGN
8.5,3,1,0.120198,16QAM,AWGN
9,3,1,0.103672,16QAM,AWGN
9,3,1,0.10456,16QAM,AWGN
9,3,1,0.1034,16QAM,AWGN
9,3,1,0.10445,16QAM,AWGN
9,3,1,0.104932,16QAM,AWGN
9.5,3,1,0.096082,16QAM,AWGN
9.5,3,1,0.106966,16QAM,AWGN
9.5,3,1,0.094164,16QAM,AWGN
9.5,3,1,0.092138,16QAM,AWGN
9.5,3,1,0.09396,16QAM,AWGN
10,3,1,0.093514,16QAM,AWGN
10,3,1,0.089932,16QAM,AWGN
10,3,1,0.082018,16QAM,AWGN
10,3,1,0.079636,16QAM,AWGN
10,3,1,0.079288,16QAM,AWGN
10.5,3,1,0.067477,16QAM,AWGN
10.5,3,1,0.077021,16QAM,AWGN
10.5,3,1,0.067228,16QAM,AWGN
10.5,3,1,0.070506,16QAM,AWGN
10.5,3,1,0.066951,16QAM,AWGN
11,3,1,0.056534,16QAM,AWGN
11,3,1,0.058242,16QAM,AWGN
11,3,1,0.056504,16QAM,AWGN
11,3,1,0.058281,16QAM,AWGN
11,3,1,0.056902,16QAM,AWGN
11.5,3,1,0.050593,16QAM,AWGN
11.5,3,1,0.046727,16QAM,AWGN
11.5,3,1,0.048898,16QAM,AWGN
11.5,3,1,0.046426,16QAM,AWGN
11.5,3,1,0.050098,16QAM,AWGN
12,3,1,0.037298,16QAM,AWGN
12,3,1,0.037652,16QAM,AWGN
12,3,1,0.04519,16QAM,AWGN
12,3,1,0.038158,16QAM,AWGN
12,3,1,0.054039,16QAM,AWGN
12.5,3,1,3.60101814120762e-08,16QAM,AWGN
12.5,3,1,3.60101814120762e-08,16QAM,AWGN
12.5,3,1,3.60101814120762e-08,16QAM,AWGN
12.5,3,1,3.60101814120762e-08,16QAM,AWGN
12.5,3,1,3.60101814120762e-08,16QAM,AWGN
13,3,1,6.0115396223495e-09,16QAM,AWGN
13,3,1,6.0115396223495e-09,16QAM,AWGN
13,3,1,6.0115396223495e-09,16QAM,AWGN
13,3,1,6.0115396223495e-09,16QAM,AWGN
13,3,1,6.0115396223495e-09,16QAM,AWGN
13.5,3,1,8.1174807561452e-10,16QAM,AWGN
13.5,3,1,8.1174807561452e-10,16QAM,AWGN
13.5,3,1,8.1174807561452e-10,16QAM,AWGN
13.5,3,1,8.1174807561452e-10,16QAM,AWGN
13.5,3,1,8.1174807561452e-10,16QAM,AWGN
14,3,1,8.6401189137541e-11,16QAM,AWGN
14,3,1,8.6401189137541e-11,16QAM,AWGN
14,3,1,8.6401189137541e-11,16QAM,AWGN
14,3,1,8.6401189137541e-11,16QAM,AWGN
14,3,1,8.6401189137541e-11,16QAM,AWGN
14.5,3,1,7.04204036488902e-12,16QAM,AWGN
14.5,3,1,7.04204036488902e-12,16QAM,AWGN
14.5,3,1,7.04204036488902e-12,16QAM,AWGN
14.5,3,1,7.04204036488902e-12,16QAM,AWGN
14.5,3,1,7.04204036488902e-12,16QAM,AWGN
15,3,1,1e-12,16QAM,AWGN
15,3,1,1e-12,16QAM,AWGN
15,3,1,1e-12,16QAM,AWGN
15,3,1,1e-12,16QAM,AWGN
15,3,1,1e-12,16QAM,AWGN
15.5,3,1,1e-12,16QAM,AWGN
15.5,3,1,1e-12,16QAM,AWGN
15.5,3,1,1e-12,16QAM,AWGN
15.5,3,1,1e-12,16QAM,AWGN
15.5,3,1,1e-12,16QAM,AWGN
16,3,1,1e-12,16QAM,AWGN
16,3,1,1e-12,16QAM,AWGN
16,3,1,1e-12,16QAM,AWGN
16,3,1,1e-12,16QAM,AWGN
16,3,1,1e-12,16QAM,AWGN
16.5,3,1,1e-12,16QAM,AWGN
16.5,3,1,1e-12,16QAM,AWGN
16.5,3,1,1e-12,16QAM,AWGN
16.5,3,1,1e-12,16QAM,AWGN
16.5,3,1,1e-12,16QAM,AWGN
17,3,1,1e-12,16QAM,AWGN
17,3,1,1e-12,16QAM,AWGN
17,3,1,1e-12,16QAM,AWGN
17,3,1,1e-12,16QAM,AWGN
17,3,1,1e-12,16QAM,AWGN
17.5,3,1,1e-12,16QAM,AWGN
17.5,3,1,1e-12,16QAM,AWGN
17.5,3,1,1e-12,16QAM,AWGN
17.5,3,1,1e-12,16QAM,AWGN
17.5,3,1,1e-12,16QAM,AWGN
18,3,1,1e-12,16QAM,AWGN
18,3,1,1e-12,16QAM,AWGN
18,3,1,1e-12,16QAM,AWGN
18,3,1,1e-12,16QAM,AWGN
18,3,1,1e-12,16QAM,AWGN
18.5,3,1,1e-12,16QAM,AWGN
18.5,3,1,1e-12,16QAM,AWGN
18.5,3,1,1e-12,16QAM,AWGN
18.5,3,1,1e-12,16QAM,AWGN
18.5,3,1,1e-12,16QAM,AWGN
19,3,1,1e-12,16QAM,AWGN
19,3,1,1e-12,16QAM,AWGN
19,3,1,1e-12,16QAM,AWGN
19,3,1,1e-12,16QAM,AWGN
19,3,1,1e-12,16QAM,AWGN
19.5,3,1,1e-12,16QAM,AWGN
19.5,3,1,1e-12,16QAM,AWGN
19.5,3,1,1e-12,16QAM,AWGN
19.5,3,1,1e-12,16QAM,AWGN
19.5,3,1,1e-12,16QAM,AWGN
20,3,1,1e-12,16QAM,AWGN
20,3,1,1e-12,16QAM,AWGN
20,3,1,1e-12,16QAM,AWGN
20,3,1,1e-12,16QAM,AWGN
20,3,1,1e-12,16QAM,AWGN
0,3,2,0.33083,16QAM,Rayleigh
0,3,2,0.3301,16QAM,Rayleigh
0,3,2,0.33287,16QAM,Rayleigh
0,3,2,0.33174,16QAM,Rayleigh
0,3,2,0.32673,16QAM,Rayleigh
0.5,3,2,0.32141,16QAM,Rayleigh
0.5,3,2,0.32304,16QAM,Rayleigh
0.5,3,2,0.32135,16QAM,Rayleigh
0.5,3,2,0.32555,16QAM,Rayleigh
0.5,3,2,0.32083,16QAM,Rayleigh
1,3,2,0.31419,16QAM,Rayleigh
1,3,2,0.31561,16QAM,Rayleigh
1,3,2,0.31596,16QAM,Rayleigh
1,3,2,0.3129,16QAM,Rayleigh
1,3,2,0.31594,16QAM,Rayleigh
1.5,3,2,0.30767,16QAM,Rayleigh
1.5,3,2,0.30775,16QAM,Rayleigh
1.5,3,2,0.30745,16QAM,Rayleigh
1.5,3,2,0.30941,16QAM,Rayleigh
1.5,3,2,0.30943,16QAM,Rayleigh
2,3,2,0.30131,16QAM,Rayleigh
2,3,2,0.29887,16QAM,Rayleigh
2,3,2,0.29857,16QAM,Rayleigh
2,3,2,0.29859,16QAM,Rayleigh
2,3,2,0.31114,16QAM,Rayleigh
2.5,3,2,0.29048,16QAM,Rayleigh
2.5,3,2,0.29017,16QAM,Rayleigh
2.5,3,2,0.29195,16QAM,Rayleigh
2.5,3,2,0.29221,16QAM,Rayleigh
2.5,3,2,0.2859,16QAM,Rayleigh
3,3,2,0.28204,16QAM,Rayleigh
3,3,2,0.28213,16QAM,Rayleigh
3,3,2,0.28474,16QAM,Rayleigh
3,3,2,0.28326,16QAM,Rayleigh
3,3,2,0.28078,16QAM,Rayleigh
3.5,3,2,0.27486,16QAM,Rayleigh
3.5,3,2,0.27275,16QAM,Rayleigh
3.5,3,2,0.27347,16QAM,Rayleigh
3.5,3,2,0.27371,16QAM,Rayleigh
3.5,3,2,0.27295,16QAM,Rayleigh
4,3,2,0.26358,16QAM,Rayleigh
4,3,2,0.26522,16QAM,Rayleigh
4,3,2,0.26371,16QAM,Rayleigh
4,3,2,0.26582,16QAM,Rayleigh
4,3,2,0.2635,16QAM,Rayleigh
4.5,3,2,0.25586,16QAM,Rayleigh
4.5,3,2,0.25259,16QAM,Rayleigh
4.5,3,2,0.25499,16QAM,Rayleigh
4.5,3,2,0.25563,16QAM,Rayleigh
4.5,3,2,0.25582,16QAM,Rayleigh
5,3,2,0.24517,16QAM,Rayleigh
5,3,2,0.24591,16QAM,Rayleigh
5,3,2,0.24793,16QAM,Rayleigh
5,3,2,0.24934,16QAM,Rayleigh
5,3,2,0.24715,16QAM,Rayleigh
5.5,3,2,0.2348,16QAM,Rayleigh
5.5,3,2,0.2345,16QAM,Rayleigh
5.5,3,2,0.23787,16QAM,Rayleigh
5.5,3,2,0.2426,16QAM,Rayleigh
5.5,3,2,0.23561,16QAM,Rayleigh
6,3,2,0.22612,16QAM,Rayleigh
6,3,2,0.22523,16QAM,Rayleigh
6,3,2,0.22558,16QAM,Rayleigh
6,3,2,0.22493,16QAM,Rayleigh
6,3,2,0.22681,16QAM,Rayleigh
6.5,3,2,0.21616,16QAM,Rayleigh
6.5,3,2,0.21858,16QAM,Rayleigh
6.5,3,2,0.21605,16QAM,Rayleigh
6.5,3,2,0.21476,16QAM,Rayleigh
6.5,3,2,0.21452,16QAM,Rayleigh
7,3,2,0.20173,16QAM,Rayleigh
7,3,2,0.20469,16QAM,Rayleigh
7,3,2,0.20169,16QAM,Rayleigh
7,3,2,0.2046,16QAM,Rayleigh
7,3,2,0.20448,16QAM,Rayleigh
7.5,3,2,0.19222,16QAM,Rayleigh
7.5,3,2,0.19622,16QAM,Rayleigh
7.5,3,2,0.19847,16QAM,Rayleigh
7.5,3,2,0.19358,16QAM,Rayleigh
7.5,3,2,0.19274,16QAM,Rayleigh
8,3,2,0.18835,16QAM,Rayleigh
8,3,2,0.18171,16QAM,Rayleigh
8,3,2,0.18326,16QAM,Rayleigh
8,3,2,0.18403,16QAM,Rayleigh
8,3,2,0.1818,16QAM,Rayleigh
8.5,3,2,0.17291,16QAM,Rayleigh
8.5,3,2,0.17955,16QAM,Rayleigh
8.5,3,2,0.17382,16QAM,Rayleigh
8.5,3,2,0.17181,16QAM,Rayleigh
8.5,3,2,0.17442,16QAM,Rayleigh
9,3,2,0.16333,16QAM,Rayleigh
9,3,2,0.16508,16QAM,Rayleigh
9,3,2,0.16387,16QAM,Rayleigh
9,3,2,0.16763,16QAM,Rayleigh
9,3,2,0.16313,16QAM,Rayleigh
9.5,3,2,0.15135,16QAM,Rayleigh
9.5,3,2,0.15296,16QAM,Rayleigh
9.5,3,2,0.15294,16QAM,Rayleigh
9.5,3,2,0.15555,16QAM,Rayleigh
9.5,3,2,0.15277,16QAM,Rayleigh
10,3,2,0.14869,16QAM,Rayleigh
10,3,2,0.14128,16QAM,Rayleigh
10,3,2,0.14538,16QAM,Rayleigh
10,3,2,0.15258,16QAM,Rayleigh
10,3,2,0.14242,16QAM,Rayleigh
10.5,3,2,0.13189,16QAM,Rayleigh
10.5,3,2,0.13697,16QAM,Rayleigh
10.5,3,2,0.13542,16QAM,Rayleigh
10.5,3,2,0.13349,16QAM,Rayleigh
10.5,3,2,0.13644,16QAM,Rayleigh
11,3,2,0.12374,16QAM,Rayleigh
11,3,2,0.12387,16QAM,Rayleigh
11,3,2,0.1251,16QAM,Rayleigh
11,3,2,0.13138,16QAM,Rayleigh
11,3,2,0.12864,16QAM,Rayleigh
11.5,3,2,0.11589,16QAM,Rayleigh
11.5,3,2,0.11592,16QAM,Rayleigh
11.5,3,2,0.12086,16QAM,Rayleigh
11.5,3,2,0.11454,16QAM,Rayleigh
11.5,3,2,0.11519,16QAM,Rayleigh
12,3,2,0.10699,16QAM,Rayleigh
12,3,2,0.10796,16QAM,Rayleigh
12,3,2,0.10887,16QAM,Rayleigh
12,3,2,0.11047,16QAM,Rayleigh
12,3,2,0.10633,16QAM,Rayleigh
12.5,3,2,0.09837,16QAM,Rayleigh
12.5,3,2,0.10004,16QAM,Rayleigh
12.5,3,2,0.10024,16QAM,Rayleigh
12.5,3,2,0.10049,16QAM,Rayleigh
12.5,3,2,0.0959,16QAM,Rayleigh
13,3,2,0.09018,16QAM,Rayleigh
13,3,2,0.09439,16QAM,Rayleigh
13,3,2,0.09099,16QAM,Rayleigh
13,3,2,0.08993,16QAM,Rayleigh
13,3,2,0.09569,16QAM,Rayleigh
13.5,3,2,0.08565,16QAM,Rayleigh
13.5,3,2,0.08332,16QAM,Rayleigh
13.5,3,2,0.08326,16QAM,Rayleigh
13.5,3,2,0.08399,16QAM,Rayleigh
13.5,3,2,0.08385,16QAM,Rayleigh
14,3,2,0.07631,16QAM,Rayleigh
14,3,2,0.07668,16QAM,Rayleigh
14,3,2,0.07677,16QAM,Rayleigh
14,3,2,0.07989,16QAM,Rayleigh
14,3,2,0.0798,16QAM,Rayleigh
14.5,3,2,0.07089,16QAM,Rayleigh
14.5,3,2,0.06876,16QAM,Rayleigh
14.5,3,2,0.06997,16QAM,Rayleigh
14.5,3,2,0.0684,16QAM,Rayleigh
14.5,3,2,0.07035,16QAM,Rayleigh
15,3,2,0.06133,16QAM,Rayleigh
15,3,2,0.06452,16QAM,Rayleigh
15,3,2,0.06545,16QAM,Rayleigh
15,3,2,0.06479,16QAM,Rayleigh
15,3,2,0.06509,16QAM,Rayleigh
15.5,3,2,0.05749,16QAM,Rayleigh
15.5,3,2,0.05807,16QAM,Rayleigh
15.5,3,2,0.05968,16QAM,Rayleigh
15.5,3,2,0.05971,16QAM,Rayleigh
15.5,3,2,0.05794,16QAM,Rayleigh
16,3,2,0.05417,16QAM,Rayleigh
16,3,2,0.05162,16QAM,Rayleigh
16,3,2,0.05583,16QAM,Rayleigh
16,3,2,0.05903,16QAM,Rayleigh
16,3,2,0.05505,16QAM,Rayleigh
16.5,3,2,0.04992,16QAM,Rayleigh
16.5,3,2,0.04801,16QAM,Rayleigh
16.5,3,2,0.0467,16QAM,Rayleigh
16.5,3,2,0.04684,16QAM,Rayleigh
16.5,3,2,0.04786,16QAM,Rayleigh
17,3,2,0.04498,16QAM,Rayleigh
17,3,2,0.04298,16QAM,Rayleigh
17,3,2,0.04535,16QAM,Rayleigh
17,3,2,0.06008,16QAM,Rayleigh
17,3,2,0.04363,16QAM,Rayleigh
17.5,3,2,0.03985,16QAM,Rayleigh
17.5,3,2,0.04328,16QAM,Rayleigh
17.5,3,2,0.03812,16QAM,Rayleigh
17.5,3,2,0.03854,16QAM,Rayleigh
17.5,3,2,0.03957,16QAM,Rayleigh
18,3,2,0.03554,16QAM,Rayleigh
18,3,2,0.04208,16QAM,Rayleigh
18,3,2,0.03508,16QAM,Rayleigh
18,3,2,0.0369,16QAM,Rayleigh
18,3,2,0.03502,16QAM,Rayleigh
18.5,3,2,0.03252,16QAM,Rayleigh
18.5,3,2,0.03434,16QAM,Rayleigh
18.5,3,2,0.03199,16QAM,Rayleigh
18.5,3,2,0.03586,16QAM,Rayleigh
18.5,3,2,0.0313,16QAM,Rayleigh
19,3,2,0.02949,16QAM,Rayleigh
19,3,2,0.02897,16QAM,Rayleigh
19,3,2,0.03371,16QAM,Rayleigh
19,3,2,0.02706,16QAM,Rayleigh
19,3,2,0.03024,16QAM,Rayleigh
19.5,3,2,0.02539,16QAM,Rayleigh
19.5,3,2,0.02548,16QAM,Rayleigh
19.5,3,2,0.025,16QAM,Rayleigh
19.5,3,2,0.0257,16QAM,Rayleigh
19.5,3,2,0.02528,16QAM,Rayleigh
20,3,2,0.02268,16QAM,Rayleigh
20,3,2,0.0221,16QAM,Rayleigh
20,3,2,0.02517,16QAM,Rayleigh
20,3,2,0.02266,16QAM,Rayleigh
20,3,2,0.02317,16QAM,Rayleigh
